match,teamInnings,battingPos,batsmanName,runs,balls,4s,6s,SR,out/not_out,match_id
Namibia Vs Sri Lanka,Namibia,1,Michaelvan Lingen,3,6,0,0,50,out,T20I # 1823
Namibia Vs Sri Lanka,Namibia,2,Divanla Cock,9,9,1,0,100,out,T20I # 1823
Namibia Vs Sri Lanka,Namibia,3,Jan Nicol Loftie-Eaton,20,12,1,2,166.66,out,T20I # 1823
Namibia Vs Sri Lanka,Namibia,4,Stephan Baard,26,24,2,0,108.33,out,T20I # 1823
Namibia Vs Sri Lanka,Namibia,5,Gerhard Erasmus(c),20,24,0,0,83.33,out,T20I # 1823
Namibia Vs Sri Lanka,Namibia,6,Jan Frylinck,44,28,4,0,157.14,out,T20I # 1823
Namibia Vs Sri Lanka,Namibia,7,David Wiese,0,1,0,0,0,out,T20I # 1823
Namibia Vs Sri Lanka,Namibia,8,JJ Smit,31,16,2,2,193.75,not_out,T20I # 1823
Namibia Vs Sri Lanka,Sri Lanka,1,Pathum Nissanka,9,10,1,0,90,out,T20I # 1823
Namibia Vs Sri Lanka,Sri Lanka,2,Kusal Mendis,6,6,0,0,100,out,T20I # 1823
Namibia Vs Sri Lanka,Sri Lanka,3,Dhananjayade Silva,12,11,1,0,109.09,out,T20I # 1823
Namibia Vs Sri Lanka,Sri Lanka,4,Danushka Gunathilaka,0,1,0,0,0,out,T20I # 1823
Namibia Vs Sri Lanka,Sri Lanka,5,Bhanuka Rajapaksa,20,21,2,0,95.23,out,T20I # 1823
Namibia Vs Sri Lanka,Sri Lanka,6,Dasun Shanaka(c),29,23,2,1,126.08,out,T20I # 1823
Namibia Vs Sri Lanka,Sri Lanka,7,Wanindu Hasaranga,4,8,0,0,50,out,T20I # 1823
Namibia Vs Sri Lanka,Sri Lanka,8,Chamika Karunaratne,5,8,0,0,62.5,out,T20I # 1823
Namibia Vs Sri Lanka,Sri Lanka,9,Pramod Madushan,0,0,0,0,-,out,T20I # 1823
Namibia Vs Sri Lanka,Sri Lanka,10,Dushmantha Chameera,8,15,0,0,53.33,out,T20I # 1823
Namibia Vs Sri Lanka,Sri Lanka,11,Maheesh Theekshana,11,11,0,1,100,not_out,T20I # 1823
U.A.E. Vs Netherlands,U.A.E.,1,Chirag Suri,12,20,1,0,60,out,T20I # 1825
U.A.E. Vs Netherlands,U.A.E.,2,Muhammad Waseem,41,47,1,2,87.23,out,T20I # 1825
U.A.E. Vs Netherlands,U.A.E.,3,Kashif Daud,15,14,0,1,107.14,out,T20I # 1825
U.A.E. Vs Netherlands,U.A.E.,4,Vriitya Aravind,18,21,0,0,85.71,out,T20I # 1825
U.A.E. Vs Netherlands,U.A.E.,5,Zawar Farid,2,4,0,0,50,out,T20I # 1825
U.A.E. Vs Netherlands,U.A.E.,6,Basil Hameed,4,4,1,0,100,out,T20I # 1825
U.A.E. Vs Netherlands,U.A.E.,7,Chundangapoyil Rizwan(c),1,2,0,0,50,out,T20I # 1825
U.A.E. Vs Netherlands,U.A.E.,8,AayanAfzal  Khan,5,7,0,0,71.42,out,T20I # 1825
U.A.E. Vs Netherlands,U.A.E.,9,Karthik Meiyappan,0,0,0,0,-,not_out,T20I # 1825
U.A.E. Vs Netherlands,U.A.E.,10,Junaid Siddique,0,1,0,0,0,not_out,T20I # 1825
U.A.E. Vs Netherlands,Netherlands,1,Vikramjit Singh,10,7,2,0,142.85,out,T20I # 1825
U.A.E. Vs Netherlands,Netherlands,2,Max O'Dowd,23,18,3,1,127.77,out,T20I # 1825
U.A.E. Vs Netherlands,Netherlands,3,Basde  Leede,14,18,1,0,77.77,out,T20I # 1825
U.A.E. Vs Netherlands,Netherlands,4,Colin Ackermann,17,19,1,0,89.47,out,T20I # 1825
U.A.E. Vs Netherlands,Netherlands,5,Tom Cooper,8,16,0,0,50,out,T20I # 1825
U.A.E. Vs Netherlands,Netherlands,6,Scott Edwards(c),16,19,0,0,84.21,not_out,T20I # 1825
U.A.E. Vs Netherlands,Netherlands,7,Roelofvan der  Merwe,0,2,0,0,0,out,T20I # 1825
U.A.E. Vs Netherlands,Netherlands,8,Tim Pringle,15,16,0,0,93.75,out,T20I # 1825
U.A.E. Vs Netherlands,Netherlands,9,Loganvan  Beek,4,4,0,0,100,not_out,T20I # 1825
Scotland Vs West Indies,Scotland,1,George Munsey,66,53,9,0,124.52,not_out,T20I # 1826
Scotland Vs West Indies,Scotland,2,Michael Jones,20,17,3,0,117.64,out,T20I # 1826
Scotland Vs West Indies,Scotland,3,Matthew Cross,3,5,0,0,60,out,T20I # 1826
Scotland Vs West Indies,Scotland,4,Richie Berrington(c),16,14,0,1,114.28,out,T20I # 1826
Scotland Vs West Indies,Scotland,5,Calum MacLeod,23,14,4,0,164.28,out,T20I # 1826
Scotland Vs West Indies,Scotland,6,Michael Leask,4,6,0,0,66.66,out,T20I # 1826
Scotland Vs West Indies,Scotland,7,Chris Greaves,16,11,2,0,145.45,not_out,T20I # 1826
Scotland Vs West Indies,West Indies,1,Kyle Mayers,20,13,3,1,153.84,out,T20I # 1826
Scotland Vs West Indies,West Indies,2,Evin Lewis,14,13,1,1,107.69,out,T20I # 1826
Scotland Vs West Indies,West Indies,3,Brandon King,17,15,3,0,113.33,out,T20I # 1826
Scotland Vs West Indies,West Indies,4,Nicholas Pooran(c),5,9,0,0,55.55,out,T20I # 1826
Scotland Vs West Indies,West Indies,5,Shamarh Brooks,4,9,0,0,44.44,out,T20I # 1826
Scotland Vs West Indies,West Indies,6,Rovman Powell,5,6,0,0,83.33,out,T20I # 1826
Scotland Vs West Indies,West Indies,7,Jason Holder,38,33,4,1,115.15,out,T20I # 1826
Scotland Vs West Indies,West Indies,8,Akeal Hosein,1,1,0,0,100,out,T20I # 1826
Scotland Vs West Indies,West Indies,9,Alzarri Joseph,0,1,0,0,0,out,T20I # 1826
Scotland Vs West Indies,West Indies,10,Odean Smith,5,8,0,0,62.5,out,T20I # 1826
Scotland Vs West Indies,West Indies,11,Obed McCoy,2,3,0,0,66.66,not_out,T20I # 1826
Zimbabwe Vs Ireland,Zimbabwe,1,Regis Chakabva,0,2,0,0,0,out,T20I # 1828
Zimbabwe Vs Ireland,Zimbabwe,2,Craig Ervine(c),9,12,1,0,75,out,T20I # 1828
Zimbabwe Vs Ireland,Zimbabwe,3,Wessly Madhevere,22,19,4,0,115.78,out,T20I # 1828
Zimbabwe Vs Ireland,Zimbabwe,4,Sean Williams,12,11,0,1,109.09,out,T20I # 1828
Zimbabwe Vs Ireland,Zimbabwe,5,Sikandar Raza,82,48,5,5,170.83,out,T20I # 1828
Zimbabwe Vs Ireland,Zimbabwe,6,Milton Shumba,16,14,1,0,114.28,out,T20I # 1828
Zimbabwe Vs Ireland,Zimbabwe,7,Ryan Burl,1,4,0,0,25,out,T20I # 1828
Zimbabwe Vs Ireland,Zimbabwe,8,Luke Jongwe,20,10,3,0,200,not_out,T20I # 1828
Zimbabwe Vs Ireland,Ireland,1,Paul Stirling,0,2,0,0,0,out,T20I # 1828
Zimbabwe Vs Ireland,Ireland,2,Andy Balbirnie(c),3,4,0,0,75,out,T20I # 1828
Zimbabwe Vs Ireland,Ireland,3,Lorcan Tucker,11,11,2,0,100,out,T20I # 1828
Zimbabwe Vs Ireland,Ireland,4,Harry Tector,1,4,0,0,25,out,T20I # 1828
Zimbabwe Vs Ireland,Ireland,5,CurtisCampher ,27,22,1,0,122.72,out,T20I # 1828
Zimbabwe Vs Ireland,Ireland,6,George Dockrell,24,20,3,0,120,out,T20I # 1828
Zimbabwe Vs Ireland,Ireland,7,Gareth Delany,24,20,1,1,120,out,T20I # 1828
Zimbabwe Vs Ireland,Ireland,8,Mark Adair,9,10,0,1,90,out,T20I # 1828
Zimbabwe Vs Ireland,Ireland,9,SimiSingh ,0,1,0,0,0,out,T20I # 1828
Zimbabwe Vs Ireland,Ireland,10,Barry McCarthy,22,16,1,2,137.5,not_out,T20I # 1828
Zimbabwe Vs Ireland,Ireland,11,Josh Little,7,11,1,0,63.63,not_out,T20I # 1828
Namibia Vs Netherlands,Namibia,1,Michaelvan  Lingen,20,19,3,0,105.26,out,T20I # 1830
Namibia Vs Netherlands,Namibia,2,Divanla  Cock,0,2,0,0,0,out,T20I # 1830
Namibia Vs Netherlands,Namibia,3,Stephan Baard,19,22,0,0,86.36,out,T20I # 1830
Namibia Vs Netherlands,Namibia,4,Jan Nicol Loftie-Eaton,0,2,0,0,0,out,T20I # 1830
Namibia Vs Netherlands,Namibia,5,Jan Frylinck,43,48,1,1,89.58,out,T20I # 1830
Namibia Vs Netherlands,Namibia,6,Gerhard Erasmus(c),16,18,0,0,88.88,out,T20I # 1830
Namibia Vs Netherlands,Namibia,7,David Wiese,11,5,1,0,220,not_out,T20I # 1830
Namibia Vs Netherlands,Namibia,8,JJ Smit,5,4,1,0,125,not_out,T20I # 1830
Namibia Vs Netherlands,Netherlands,1,Max O'Dowd,35,35,1,1,100,out,T20I # 1830
Namibia Vs Netherlands,Netherlands,2,Vikramjit Singh,39,31,3,2,125.8,out,T20I # 1830
Namibia Vs Netherlands,Netherlands,3,Basde  Leede,30,30,2,0,100,not_out,T20I # 1830
Namibia Vs Netherlands,Netherlands,4,Tom Cooper,6,6,1,0,100,out,T20I # 1830
Namibia Vs Netherlands,Netherlands,5,Colin Ackermann,0,2,0,0,0,out,T20I # 1830
Namibia Vs Netherlands,Netherlands,6,Scott Edwards(c),1,5,0,0,20,out,T20I # 1830
Namibia Vs Netherlands,Netherlands,7,Tim Pringle,8,9,0,0,88.88,not_out,T20I # 1830
Sri Lanka Vs U.A.E.,Sri Lanka,1,Pathum Nissanka,74,60,6,2,123.33,out,T20I # 1832
Sri Lanka Vs U.A.E.,Sri Lanka,2,Kusal Mendis,18,13,2,0,138.46,out,T20I # 1832
Sri Lanka Vs U.A.E.,Sri Lanka,3,Dhananjayade  Silva,33,21,3,1,157.14,out,T20I # 1832
Sri Lanka Vs U.A.E.,Sri Lanka,4,Bhanuka Rajapaksa,5,8,0,0,62.5,out,T20I # 1832
Sri Lanka Vs U.A.E.,Sri Lanka,5,Charith Asalanka,0,1,0,0,0,out,T20I # 1832
Sri Lanka Vs U.A.E.,Sri Lanka,6,Dasun Shanaka(c),0,1,0,0,0,out,T20I # 1832
Sri Lanka Vs U.A.E.,Sri Lanka,7,Wanindu Hasaranga,2,3,0,0,66.66,out,T20I # 1832
Sri Lanka Vs U.A.E.,Sri Lanka,8,Chamika Karunaratne,8,11,1,0,72.72,out,T20I # 1832
Sri Lanka Vs U.A.E.,Sri Lanka,9,Pramod Madushan,1,1,0,0,100,not_out,T20I # 1832
Sri Lanka Vs U.A.E.,Sri Lanka,10,Dushmantha Chameera,1,1,0,0,100,not_out,T20I # 1832
Sri Lanka Vs U.A.E.,U.A.E.,1,Muhammad Waseem,2,4,0,0,50,out,T20I # 1832
Sri Lanka Vs U.A.E.,U.A.E.,2,Chirag Suri,14,19,3,0,73.68,out,T20I # 1832
Sri Lanka Vs U.A.E.,U.A.E.,3,Aryan Lakra,1,3,0,0,33.33,out,T20I # 1832
Sri Lanka Vs U.A.E.,U.A.E.,4,Chundangapoyil Rizwan(c),1,3,0,0,33.33,out,T20I # 1832
Sri Lanka Vs U.A.E.,U.A.E.,5,Vriitya Aravind,9,18,1,0,50,out,T20I # 1832
Sri Lanka Vs U.A.E.,U.A.E.,6,Basil Hameed,2,6,0,0,33.33,out,T20I # 1832
Sri Lanka Vs U.A.E.,U.A.E.,7,AayanAfzal  Khan,19,21,1,0,90.47,out,T20I # 1832
Sri Lanka Vs U.A.E.,U.A.E.,8,Kashif Daud,0,4,0,0,0,out,T20I # 1832
Sri Lanka Vs U.A.E.,U.A.E.,9,Karthik Meiyappan,4,8,0,0,50,out,T20I # 1832
Sri Lanka Vs U.A.E.,U.A.E.,10,Junaid Siddique,18,16,1,1,112.5,out,T20I # 1832
Sri Lanka Vs U.A.E.,U.A.E.,11,Zahoor Khan,1,1,0,0,100,not_out,T20I # 1832
Scotland Vs Ireland,Scotland,1,George Munsey,1,2,0,0,50,out,T20I # 1833
Scotland Vs Ireland,Scotland,2,Michael Jones,86,55,6,4,156.36,out,T20I # 1833
Scotland Vs Ireland,Scotland,3,Matthew Cross,28,21,5,0,133.33,out,T20I # 1833
Scotland Vs Ireland,Scotland,4,Richie Berrington(c),37,27,3,1,137.03,out,T20I # 1833
Scotland Vs Ireland,Scotland,5,Michael Leask,17,13,2,0,130.76,not_out,T20I # 1833
Scotland Vs Ireland,Scotland,6,Calum MacLeod,0,3,0,0,0,out,T20I # 1833
Scotland Vs Ireland,Ireland,1,Paul Stirling,8,10,1,0,80,out,T20I # 1833
Scotland Vs Ireland,Ireland,2,Andy Balbirnie(c),14,12,2,0,116.66,out,T20I # 1833
Scotland Vs Ireland,Ireland,3,Lorcan Tucker,20,17,2,0,117.64,out,T20I # 1833
Scotland Vs Ireland,Ireland,4,Harry Tector,14,16,1,0,87.5,out,T20I # 1833
Scotland Vs Ireland,Ireland,5,CurtisCampher ,72,32,7,2,225,not_out,T20I # 1833
Scotland Vs Ireland,Ireland,6,George Dockrell,39,27,4,1,144.44,not_out,T20I # 1833
West Indies Vs Zimbabwe,West Indies,1,Kyle Mayers,13,12,2,0,108.33,out,T20I # 1834
West Indies Vs Zimbabwe,West Indies,2,Johnson Charles,45,36,3,2,125,out,T20I # 1834
West Indies Vs Zimbabwe,West Indies,3,Evin Lewis,15,18,1,0,83.33,out,T20I # 1834
West Indies Vs Zimbabwe,West Indies,4,Nicholas Pooran(c),7,9,0,0,77.77,out,T20I # 1834
West Indies Vs Zimbabwe,West Indies,5,Rovman Powell,28,21,1,2,133.33,out,T20I # 1834
West Indies Vs Zimbabwe,West Indies,6,Shamarh Brooks,0,3,0,0,0,out,T20I # 1834
West Indies Vs Zimbabwe,West Indies,7,Jason Holder,4,3,0,0,133.33,out,T20I # 1834
West Indies Vs Zimbabwe,West Indies,8,Akeal Hosein,23,18,2,0,127.77,not_out,T20I # 1834
West Indies Vs Zimbabwe,West Indies,9,Odean Smith,1,2,0,0,50,not_out,T20I # 1834
West Indies Vs Zimbabwe,Zimbabwe,1,Wessly Madhevere,27,19,3,1,142.1,out,T20I # 1834
West Indies Vs Zimbabwe,Zimbabwe,2,Regis Chakabva(c),13,9,3,0,144.44,out,T20I # 1834
West Indies Vs Zimbabwe,Zimbabwe,3,Tony Munyonga,2,6,0,0,33.33,out,T20I # 1834
West Indies Vs Zimbabwe,Zimbabwe,4,Sean Williams,1,2,0,0,50,out,T20I # 1834
West Indies Vs Zimbabwe,Zimbabwe,5,Sikandar Raza,14,8,1,1,175,out,T20I # 1834
West Indies Vs Zimbabwe,Zimbabwe,6,Milton Shumba,2,9,0,0,22.22,out,T20I # 1834
West Indies Vs Zimbabwe,Zimbabwe,7,Ryan Burl,17,19,3,0,89.47,out,T20I # 1834
West Indies Vs Zimbabwe,Zimbabwe,8,Luke Jongwe,29,22,3,1,131.81,out,T20I # 1834
West Indies Vs Zimbabwe,Zimbabwe,9,Richard Ngarava,2,6,0,0,33.33,out,T20I # 1834
West Indies Vs Zimbabwe,Zimbabwe,10,Tendai Chatara,3,8,0,0,37.5,out,T20I # 1834
West Indies Vs Zimbabwe,Zimbabwe,11,Blessing Muzarabani,1,4,0,0,25,not_out,T20I # 1834
Sri Lanka Vs Netherlands,Sri Lanka,1,Pathum Nissanka,14,21,0,1,66.66,out,T20I # 1835
Sri Lanka Vs Netherlands,Sri Lanka,2,Kusal Mendis,79,44,5,5,179.54,out,T20I # 1835
Sri Lanka Vs Netherlands,Sri Lanka,3,Dhananjayade  Silva,0,1,0,0,0,out,T20I # 1835
Sri Lanka Vs Netherlands,Sri Lanka,4,Charith Asalanka,31,30,3,0,103.33,out,T20I # 1835
Sri Lanka Vs Netherlands,Sri Lanka,5,Bhanuka Rajapaksa,19,13,2,0,146.15,out,T20I # 1835
Sri Lanka Vs Netherlands,Sri Lanka,6,Dasun Shanaka(c),8,5,0,1,160,out,T20I # 1835
Sri Lanka Vs Netherlands,Sri Lanka,7,Wanindu Hasaranga,5,4,0,0,125,not_out,T20I # 1835
Sri Lanka Vs Netherlands,Sri Lanka,8,Chamika Karunaratne,2,2,0,0,100,not_out,T20I # 1835
Sri Lanka Vs Netherlands,Netherlands,1,Max O'Dowd,71,53,6,3,133.96,not_out,T20I # 1835
Sri Lanka Vs Netherlands,Netherlands,2,Vikramjit Singh,7,14,0,0,50,out,T20I # 1835
Sri Lanka Vs Netherlands,Netherlands,3,Basde  Leede,14,10,1,1,140,out,T20I # 1835
Sri Lanka Vs Netherlands,Netherlands,4,Colin Ackermann,0,1,0,0,0,out,T20I # 1835
Sri Lanka Vs Netherlands,Netherlands,5,Tom Cooper,16,19,2,0,84.21,out,T20I # 1835
Sri Lanka Vs Netherlands,Netherlands,6,Scott Edwards(c),21,15,3,0,140,out,T20I # 1835
Sri Lanka Vs Netherlands,Netherlands,7,Tim Pringle,2,4,0,0,50,out,T20I # 1835
Sri Lanka Vs Netherlands,Netherlands,8,Timmvan der  Gugten,0,1,0,0,0,out,T20I # 1835
Sri Lanka Vs Netherlands,Netherlands,9,Fred Klaassen,3,3,0,0,100,out,T20I # 1835
Sri Lanka Vs Netherlands,Netherlands,10,Paulvan  Meekeren,0,0,0,0,-,out,T20I # 1835
Sri Lanka Vs Netherlands,Netherlands,11,Roelofvan der  Merwe,0,1,0,0,0,not_out,T20I # 1835
U.A.E. Vs Namibia,U.A.E.,1,Muhammad Waseem,50,41,1,3,121.95,out,T20I # 1836
U.A.E. Vs Namibia,U.A.E.,2,Vriitya Aravind,21,32,2,0,65.62,out,T20I # 1836
U.A.E. Vs Namibia,U.A.E.,3,Chundangapoyil Rizwan(c),43,29,3,1,148.27,not_out,T20I # 1836
U.A.E. Vs Namibia,U.A.E.,4,Alishan Sharafu,4,4,0,0,100,out,T20I # 1836
U.A.E. Vs Namibia,U.A.E.,5,Basil Hameed,25,14,2,2,178.57,not_out,T20I # 1836
U.A.E. Vs Namibia,Namibia,1,Michaelvan  Lingen,10,8,1,0,125,out,T20I # 1836
U.A.E. Vs Namibia,Namibia,2,Stephan Baard,4,6,1,0,66.66,out,T20I # 1836
U.A.E. Vs Namibia,Namibia,3,Jan Nicol Loftie-Eaton,1,6,0,0,16.66,out,T20I # 1836
U.A.E. Vs Namibia,Namibia,4,Gerhard Erasmus(c),16,18,2,0,88.88,out,T20I # 1836
U.A.E. Vs Namibia,Namibia,5,Jan Frylinck,14,17,1,0,82.35,out,T20I # 1836
U.A.E. Vs Namibia,Namibia,6,JJ Smit,3,3,0,0,100,out,T20I # 1836
U.A.E. Vs Namibia,Namibia,7,David Wiese,55,36,3,3,152.77,out,T20I # 1836
U.A.E. Vs Namibia,Namibia,8,Zane Green,2,3,0,0,66.66,out,T20I # 1836
U.A.E. Vs Namibia,Namibia,9,Ruben Trumpelmann,25,24,1,1,104.16,not_out,T20I # 1836
U.A.E. Vs Namibia,Namibia,10,Bernard Scholtz,1,1,0,0,100,not_out,T20I # 1836
West Indies Vs Ireland,West Indies,1,Kyle Mayers,1,5,0,0,20,out,T20I # 1837
West Indies Vs Ireland,West Indies,2,Johnson Charles,24,18,3,1,133.33,out,T20I # 1837
West Indies Vs Ireland,West Indies,3,Evin Lewis,13,18,0,0,72.22,out,T20I # 1837
West Indies Vs Ireland,West Indies,4,Brandon King,62,48,6,1,129.16,not_out,T20I # 1837
West Indies Vs Ireland,West Indies,5,Nicholas Pooran(c),13,11,0,1,118.18,out,T20I # 1837
West Indies Vs Ireland,West Indies,6,Rovman Powell,6,8,1,0,75,out,T20I # 1837
West Indies Vs Ireland,West Indies,7,Odean Smith,19,12,1,2,158.33,not_out,T20I # 1837
West Indies Vs Ireland,Ireland,1,Paul Stirling,66,48,6,2,137.5,not_out,T20I # 1837
West Indies Vs Ireland,Ireland,2,Andy Balbirnie(c),37,23,3,3,160.86,out,T20I # 1837
West Indies Vs Ireland,Ireland,3,Lorcan Tucker,45,35,2,2,128.57,not_out,T20I # 1837
Scotland Vs Zimbabwe,Scotland,1,George Munsey,54,51,7,0,105.88,out,T20I # 1838
Scotland Vs Zimbabwe,Scotland,2,Michael Jones,4,5,1,0,80,out,T20I # 1838
Scotland Vs Zimbabwe,Scotland,3,Matthew Cross,1,7,0,0,14.28,out,T20I # 1838
Scotland Vs Zimbabwe,Scotland,4,Richie Berrington(c),13,15,0,0,86.66,out,T20I # 1838
Scotland Vs Zimbabwe,Scotland,5,Calum MacLeod,25,26,1,0,96.15,out,T20I # 1838
Scotland Vs Zimbabwe,Scotland,6,Michael Leask,12,9,2,0,133.33,out,T20I # 1838
Scotland Vs Zimbabwe,Scotland,7,Chris Greaves,3,7,0,0,42.85,not_out,T20I # 1838
Scotland Vs Zimbabwe,Scotland,8,Josh Davey,4,3,0,0,133.33,not_out,T20I # 1838
Scotland Vs Zimbabwe,Zimbabwe,1,Regis Chakabva,4,3,1,0,133.33,out,T20I # 1838
Scotland Vs Zimbabwe,Zimbabwe,2,Craig Ervine(c),58,54,6,0,107.4,out,T20I # 1838
Scotland Vs Zimbabwe,Zimbabwe,3,Wessly Madhevere,0,5,0,0,0,out,T20I # 1838
Scotland Vs Zimbabwe,Zimbabwe,4,Sean Williams,7,12,0,0,58.33,out,T20I # 1838
Scotland Vs Zimbabwe,Zimbabwe,5,Sikandar Raza,40,23,3,2,173.91,out,T20I # 1838
Scotland Vs Zimbabwe,Zimbabwe,6,Milton Shumba,11,11,0,0,100,not_out,T20I # 1838
Scotland Vs Zimbabwe,Zimbabwe,7,Ryan Burl,9,5,1,0,180,not_out,T20I # 1838
New Zealand Vs Australia,New Zealand,1,Finn Allen,42,16,5,3,262.5,out,T20I # 1839
New Zealand Vs Australia,New Zealand,2,Devon Conway,92,58,7,2,158.62,not_out,T20I # 1839
New Zealand Vs Australia,New Zealand,3,Kane Williamson(c),23,23,1,1,100,out,T20I # 1839
New Zealand Vs Australia,New Zealand,4,Glenn Phillips,12,10,2,0,120,out,T20I # 1839
New Zealand Vs Australia,New Zealand,5,James Neesham,26,13,0,2,200,not_out,T20I # 1839
New Zealand Vs Australia,Australia,1,David Warner,5,6,1,0,83.33,out,T20I # 1839
New Zealand Vs Australia,Australia,2,Aaron Finch(c),13,11,1,1,118.18,out,T20I # 1839
New Zealand Vs Australia,Australia,3,MitchellMarsh ,16,12,2,1,133.33,out,T20I # 1839
New Zealand Vs Australia,Australia,4,Glenn Maxwell,28,20,3,1,140,out,T20I # 1839
New Zealand Vs Australia,Australia,5,Marcus Stoinis,7,14,0,0,50,out,T20I # 1839
New Zealand Vs Australia,Australia,6,Tim David,11,8,0,1,137.5,out,T20I # 1839
New Zealand Vs Australia,Australia,7,Matthew Wade,2,4,0,0,50,out,T20I # 1839
New Zealand Vs Australia,Australia,8,Pat Cummins,21,18,2,1,116.66,out,T20I # 1839
New Zealand Vs Australia,Australia,9,Mitchell Starc,4,7,0,0,57.14,out,T20I # 1839
New Zealand Vs Australia,Australia,10,Adam Zampa,0,2,0,0,0,out,T20I # 1839
New Zealand Vs Australia,Australia,11,Josh Hazlewood,1,1,0,0,100,not_out,T20I # 1839
Afghanistan Vs England,Afghanistan,1,Hazratullah Zazai,7,17,1,0,41.17,out,T20I # 1840
Afghanistan Vs England,Afghanistan,2,,10,9,0,1,111.11,out,T20I # 1840
Afghanistan Vs England,Afghanistan,3,,32,32,3,1,100,out,T20I # 1840
Afghanistan Vs England,Afghanistan,4,,30,30,3,0,100,out,T20I # 1840
Afghanistan Vs England,Afghanistan,5,,13,11,0,1,118.18,out,T20I # 1840
Afghanistan Vs England,Afghanistan,6,,3,5,0,0,60,out,T20I # 1840
Afghanistan Vs England,Afghanistan,7,,8,6,1,0,133.33,out,T20I # 1840
Afghanistan Vs England,Afghanistan,8,,0,1,0,0,0,out,T20I # 1840
Afghanistan Vs England,Afghanistan,9,,0,1,0,0,0,out,T20I # 1840
Afghanistan Vs England,Afghanistan,10,,2,4,0,0,50,not_out,T20I # 1840
Afghanistan Vs England,Afghanistan,11,,0,2,0,0,0,out,T20I # 1840
Afghanistan Vs England,England,1,,18,18,3,0,100,out,T20I # 1840
Afghanistan Vs England,England,2,,19,20,0,1,95,out,T20I # 1840
Afghanistan Vs England,England,3,,18,30,0,0,60,out,T20I # 1840
Afghanistan Vs England,England,4,,2,4,0,0,50,out,T20I # 1840
Afghanistan Vs England,England,5,,29,21,3,0,138.09,not_out,T20I # 1840
Afghanistan Vs England,England,6,,7,6,0,0,116.66,out,T20I # 1840
Afghanistan Vs England,England,7,,8,10,0,0,80,not_out,T20I # 1840
Ireland Vs Sri Lanka,Ireland,1,,34,25,4,1,136,out,T20I # 1841
Ireland Vs Sri Lanka,Ireland,2,,1,5,0,0,20,out,T20I # 1841
Ireland Vs Sri Lanka,Ireland,3,,10,11,1,0,90.9,out,T20I # 1841
Ireland Vs Sri Lanka,Ireland,4,,45,42,2,1,107.14,out,T20I # 1841
Ireland Vs Sri Lanka,Ireland,5,,2,4,0,0,50,out,T20I # 1841
Ireland Vs Sri Lanka,Ireland,6,,14,16,0,0,87.5,out,T20I # 1841
Ireland Vs Sri Lanka,Ireland,7,,9,6,1,0,150,out,T20I # 1841
Ireland Vs Sri Lanka,Ireland,8,,0,1,0,0,0,out,T20I # 1841
Ireland Vs Sri Lanka,Ireland,9,,7,8,1,0,87.5,not_out,T20I # 1841
Ireland Vs Sri Lanka,Ireland,10,,2,2,0,0,100,not_out,T20I # 1841
Ireland Vs Sri Lanka,Sri Lanka,1,,68,43,5,3,158.13,not_out,T20I # 1841
Ireland Vs Sri Lanka,Sri Lanka,2,,31,25,2,1,124,out,T20I # 1841
Ireland Vs Sri Lanka,Sri Lanka,3,,31,22,2,0,140.9,not_out,T20I # 1841
Pakistan Vs India,Pakistan,1,,4,12,1,0,33.33,out,T20I # 1842
Pakistan Vs India,Pakistan,2,,0,1,0,0,0,out,T20I # 1842
Pakistan Vs India,Pakistan,3,,52,42,5,0,123.8,not_out,T20I # 1842
Pakistan Vs India,Pakistan,4,,51,34,2,4,150,out,T20I # 1842
Pakistan Vs India,Pakistan,5,,5,6,1,0,83.33,out,T20I # 1842
Pakistan Vs India,Pakistan,6,,2,4,0,0,50,out,T20I # 1842
Pakistan Vs India,Pakistan,7,,9,6,2,0,150,out,T20I # 1842
Pakistan Vs India,Pakistan,8,,2,3,0,0,66.66,out,T20I # 1842
Pakistan Vs India,Pakistan,9,,16,8,1,1,200,out,T20I # 1842
Pakistan Vs India,Pakistan,10,,6,4,0,1,150,not_out,T20I # 1842
Pakistan Vs India,India,1,,4,8,0,0,50,out,T20I # 1842
Pakistan Vs India,India,2,,4,7,0,0,57.14,out,T20I # 1842
Pakistan Vs India,India,3,,82,53,6,4,154.71,not_out,T20I # 1842
Pakistan Vs India,India,4,,15,10,2,0,150,out,T20I # 1842
Pakistan Vs India,India,5,,2,3,0,0,66.66,out,T20I # 1842
Pakistan Vs India,India,6,,40,37,1,2,108.1,out,T20I # 1842
Pakistan Vs India,India,7,,1,2,0,0,50,out,T20I # 1842
Pakistan Vs India,India,8,,1,1,0,0,100,not_out,T20I # 1842
Bangladesh Vs Netherlands,Bangladesh,1,,25,20,4,0,125,out,T20I # 1843
Bangladesh Vs Netherlands,Bangladesh,2,,14,14,2,0,100,out,T20I # 1843
Bangladesh Vs Netherlands,Bangladesh,3,,9,11,0,0,81.81,out,T20I # 1843
Bangladesh Vs Netherlands,Bangladesh,4,,7,9,0,0,77.77,out,T20I # 1843
Bangladesh Vs Netherlands,Bangladesh,5,,38,27,2,2,140.74,out,T20I # 1843
Bangladesh Vs Netherlands,Bangladesh,6,,3,5,0,0,60,out,T20I # 1843
Bangladesh Vs Netherlands,Bangladesh,7,,13,18,0,0,72.22,out,T20I # 1843
Bangladesh Vs Netherlands,Bangladesh,8,,20,12,2,1,166.66,not_out,T20I # 1843
Bangladesh Vs Netherlands,Bangladesh,9,,0,1,0,0,0,out,T20I # 1843
Bangladesh Vs Netherlands,Bangladesh,10,,0,3,0,0,0,not_out,T20I # 1843
Bangladesh Vs Netherlands,Netherlands,1,,0,1,0,0,0,out,T20I # 1843
Bangladesh Vs Netherlands,Netherlands,2,,8,8,0,1,100,out,T20I # 1843
Bangladesh Vs Netherlands,Netherlands,3,,0,1,0,0,0,out,T20I # 1843
Bangladesh Vs Netherlands,Netherlands,4,,62,48,6,2,129.16,out,T20I # 1843
Bangladesh Vs Netherlands,Netherlands,5,,0,0,0,0,-,out,T20I # 1843
Bangladesh Vs Netherlands,Netherlands,6,,16,24,1,0,66.66,out,T20I # 1843
Bangladesh Vs Netherlands,Netherlands,7,,1,6,0,0,16.66,out,T20I # 1843
Bangladesh Vs Netherlands,Netherlands,8,,2,5,0,0,40,out,T20I # 1843
Bangladesh Vs Netherlands,Netherlands,9,,9,8,1,0,112.5,out,T20I # 1843
Bangladesh Vs Netherlands,Netherlands,10,,7,6,0,0,116.66,not_out,T20I # 1843
Bangladesh Vs Netherlands,Netherlands,11,,24,14,3,1,171.42,out,T20I # 1843
Zimbabwe Vs South Africa,Zimbabwe,1,,8,8,0,1,100,out,T20I # 1844
Zimbabwe Vs South Africa,Zimbabwe,2,,2,6,0,0,33.33,out,T20I # 1844
Zimbabwe Vs South Africa,Zimbabwe,3,,1,1,0,0,100,out,T20I # 1844
Zimbabwe Vs South Africa,Zimbabwe,4,,0,2,0,0,0,out,T20I # 1844
Zimbabwe Vs South Africa,Zimbabwe,5,,35,18,4,1,194.44,not_out,T20I # 1844
Zimbabwe Vs South Africa,Zimbabwe,6,,18,20,2,0,90,out,T20I # 1844
Zimbabwe Vs South Africa,South Africa,1,,47,18,8,1,261.11,not_out,T20I # 1844
Zimbabwe Vs South Africa,South Africa,2,,2,2,0,0,100,not_out,T20I # 1844
Sri Lanka Vs Australia,Sri Lanka,1,,40,45,2,0,88.88,out,T20I # 1845
Sri Lanka Vs Australia,Sri Lanka,2,,5,6,1,0,83.33,out,T20I # 1845
Sri Lanka Vs Australia,Sri Lanka,3,,26,23,3,0,113.04,out,T20I # 1845
Sri Lanka Vs Australia,Sri Lanka,4,,38,25,3,2,152,not_out,T20I # 1845
Sri Lanka Vs Australia,Sri Lanka,5,,7,5,1,0,140,out,T20I # 1845
Sri Lanka Vs Australia,Sri Lanka,6,,3,5,0,0,60,out,T20I # 1845
Sri Lanka Vs Australia,Sri Lanka,7,,1,4,0,0,25,out,T20I # 1845
Sri Lanka Vs Australia,Sri Lanka,8,,14,7,2,0,200,not_out,T20I # 1845
Sri Lanka Vs Australia,Australia,1,,11,10,0,0,110,out,T20I # 1845
Sri Lanka Vs Australia,Australia,2,,31,42,0,1,73.8,not_out,T20I # 1845
Sri Lanka Vs Australia,Australia,3,,17,17,1,1,100,out,T20I # 1845
Sri Lanka Vs Australia,Australia,4,,23,12,2,2,191.66,out,T20I # 1845
Sri Lanka Vs Australia,Australia,5,,59,18,4,6,327.77,not_out,T20I # 1845
Ireland Vs England,Ireland,1,,14,8,1,1,175,out,T20I # 1846
Ireland Vs England,Ireland,2,,62,47,5,2,131.91,out,T20I # 1846
Ireland Vs England,Ireland,3,,34,27,3,1,125.92,out,T20I # 1846
Ireland Vs England,Ireland,4,,0,2,0,0,0,out,T20I # 1846
Ireland Vs England,Ireland,5,,18,11,3,0,163.63,out,T20I # 1846
Ireland Vs England,Ireland,6,,0,1,0,0,0,out,T20I # 1846
Ireland Vs England,Ireland,7,,12,10,1,0,120,not_out,T20I # 1846
Ireland Vs England,Ireland,8,,4,4,0,0,100,out,T20I # 1846
Ireland Vs England,Ireland,9,,3,3,0,0,100,out,T20I # 1846
Ireland Vs England,Ireland,10,,1,2,0,0,50,out,T20I # 1846
Ireland Vs England,Ireland,11,,0,1,0,0,0,out,T20I # 1846
Ireland Vs England,England,1,,0,2,0,0,0,out,T20I # 1846
Ireland Vs England,England,2,,7,5,1,0,140,out,T20I # 1846
Ireland Vs England,England,3,,35,37,2,0,94.59,out,T20I # 1846
Ireland Vs England,England,4,,6,8,0,0,75,out,T20I # 1846
Ireland Vs England,England,5,,18,21,1,0,85.71,out,T20I # 1846
Ireland Vs England,England,6,,24,12,3,1,200,not_out,T20I # 1846
Ireland Vs England,England,7,,1,2,0,0,50,not_out,T20I # 1846
South Africa Vs Bangladesh,South Africa,1,,2,6,0,0,33.33,out,T20I # 1847
South Africa Vs Bangladesh,South Africa,2,,63,38,7,3,165.78,out,T20I # 1847
South Africa Vs Bangladesh,South Africa,3,,109,56,7,8,194.64,out,T20I # 1847
South Africa Vs Bangladesh,South Africa,4,,7,7,1,0,100,out,T20I # 1847
South Africa Vs Bangladesh,South Africa,5,,10,11,1,0,90.9,out,T20I # 1847
South Africa Vs Bangladesh,South Africa,6,,2,4,0,0,50,not_out,T20I # 1847
South Africa Vs Bangladesh,South Africa,7,,0,2,0,0,0,not_out,T20I # 1847
South Africa Vs Bangladesh,Bangladesh,1,,9,9,1,0,100,out,T20I # 1847
South Africa Vs Bangladesh,Bangladesh,2,,15,6,0,2,250,out,T20I # 1847
South Africa Vs Bangladesh,Bangladesh,3,,34,31,1,1,109.67,out,T20I # 1847
South Africa Vs Bangladesh,Bangladesh,4,,1,4,0,0,25,out,T20I # 1847
South Africa Vs Bangladesh,Bangladesh,5,,1,5,0,0,20,out,T20I # 1847
South Africa Vs Bangladesh,Bangladesh,6,,11,13,0,0,84.61,out,T20I # 1847
South Africa Vs Bangladesh,Bangladesh,7,,0,3,0,0,0,out,T20I # 1847
South Africa Vs Bangladesh,Bangladesh,8,,2,6,0,0,33.33,out,T20I # 1847
South Africa Vs Bangladesh,Bangladesh,9,,10,17,1,0,58.82,out,T20I # 1847
South Africa Vs Bangladesh,Bangladesh,10,,0,2,0,0,0,out,T20I # 1847
South Africa Vs Bangladesh,Bangladesh,11,,9,3,0,1,300,not_out,T20I # 1847
India Vs Netherlands,India,1,,9,12,1,0,75,out,T20I # 1848
India Vs Netherlands,India,2,,53,39,4,3,135.89,out,T20I # 1848
India Vs Netherlands,India,3,,62,44,3,2,140.9,not_out,T20I # 1848
India Vs Netherlands,India,4,,51,25,7,1,204,not_out,T20I # 1848
India Vs Netherlands,Netherlands,1,,1,9,0,0,11.11,out,T20I # 1848
India Vs Netherlands,Netherlands,2,,16,10,3,0,160,out,T20I # 1848
India Vs Netherlands,Netherlands,3,,16,23,0,0,69.56,out,T20I # 1848
India Vs Netherlands,Netherlands,4,,17,21,1,0,80.95,out,T20I # 1848
India Vs Netherlands,Netherlands,5,,9,12,0,0,75,out,T20I # 1848
India Vs Netherlands,Netherlands,6,,5,8,0,0,62.5,out,T20I # 1848
India Vs Netherlands,Netherlands,7,,20,15,1,1,133.33,out,T20I # 1848
India Vs Netherlands,Netherlands,8,,3,5,0,0,60,out,T20I # 1848
India Vs Netherlands,Netherlands,9,,16,11,2,0,145.45,not_out,T20I # 1848
India Vs Netherlands,Netherlands,10,,0,1,0,0,0,out,T20I # 1848
India Vs Netherlands,Netherlands,11,,14,6,3,0,233.33,not_out,T20I # 1848
Zimbabwe Vs Pakistan,Zimbabwe,1,,17,13,3,0,130.76,out,T20I # 1849
Zimbabwe Vs Pakistan,Zimbabwe,2,,19,19,2,0,100,out,T20I # 1849
Zimbabwe Vs Pakistan,Zimbabwe,3,,8,10,1,0,80,out,T20I # 1849
Zimbabwe Vs Pakistan,Zimbabwe,4,,31,28,3,0,110.71,out,T20I # 1849
Zimbabwe Vs Pakistan,Zimbabwe,5,,9,16,1,0,56.25,out,T20I # 1849
Zimbabwe Vs Pakistan,Zimbabwe,6,,0,1,0,0,0,out,T20I # 1849
Zimbabwe Vs Pakistan,Zimbabwe,7,,10,15,0,0,66.66,not_out,T20I # 1849
Zimbabwe Vs Pakistan,Zimbabwe,8,,0,1,0,0,0,out,T20I # 1849
Zimbabwe Vs Pakistan,Zimbabwe,9,,19,15,0,1,126.66,out,T20I # 1849
Zimbabwe Vs Pakistan,Zimbabwe,10,,3,2,0,0,150,not_out,T20I # 1849
Zimbabwe Vs Pakistan,Pakistan,1,,14,16,1,1,87.5,out,T20I # 1849
Zimbabwe Vs Pakistan,Pakistan,2,,4,9,1,0,44.44,out,T20I # 1849
Zimbabwe Vs Pakistan,Pakistan,3,,44,38,3,0,115.78,out,T20I # 1849
Zimbabwe Vs Pakistan,Pakistan,4,,5,10,1,0,50,out,T20I # 1849
Zimbabwe Vs Pakistan,Pakistan,5,,17,14,0,1,121.42,out,T20I # 1849
Zimbabwe Vs Pakistan,Pakistan,6,,0,1,0,0,0,out,T20I # 1849
Zimbabwe Vs Pakistan,Pakistan,7,,22,18,1,1,122.22,out,T20I # 1849
Zimbabwe Vs Pakistan,Pakistan,8,,12,13,2,0,92.3,not_out,T20I # 1849
Zimbabwe Vs Pakistan,Pakistan,9,,1,1,0,0,100,out,T20I # 1849
New Zealand Vs Sri Lanka,New Zealand,1,,1,3,0,0,33.33,out,T20I # 1850
New Zealand Vs Sri Lanka,New Zealand,2,,1,4,0,0,25,out,T20I # 1850
New Zealand Vs Sri Lanka,New Zealand,3,,8,13,1,0,61.53,out,T20I # 1850
New Zealand Vs Sri Lanka,New Zealand,4,,104,64,10,4,162.5,out,T20I # 1850
New Zealand Vs Sri Lanka,New Zealand,5,,22,24,0,0,91.66,out,T20I # 1850
New Zealand Vs Sri Lanka,New Zealand,6,,5,8,0,0,62.5,out,T20I # 1850
New Zealand Vs Sri Lanka,New Zealand,7,,11,5,0,1,220,not_out,T20I # 1850
New Zealand Vs Sri Lanka,New Zealand,8,,1,1,0,0,100,out,T20I # 1850
New Zealand Vs Sri Lanka,New Zealand,9,,4,1,1,0,400,not_out,T20I # 1850
New Zealand Vs Sri Lanka,Sri Lanka,1,,0,5,0,0,0,out,T20I # 1850
New Zealand Vs Sri Lanka,Sri Lanka,2,,4,3,1,0,133.33,out,T20I # 1850
New Zealand Vs Sri Lanka,Sri Lanka,3,,0,3,0,0,0,out,T20I # 1850
New Zealand Vs Sri Lanka,Sri Lanka,4,,4,8,0,0,50,out,T20I # 1850
New Zealand Vs Sri Lanka,Sri Lanka,5,,34,22,3,2,154.54,out,T20I # 1850
New Zealand Vs Sri Lanka,Sri Lanka,6,,3,8,0,0,37.5,out,T20I # 1850
New Zealand Vs Sri Lanka,Sri Lanka,7,,35,32,4,1,109.37,out,T20I # 1850
New Zealand Vs Sri Lanka,Sri Lanka,8,,4,6,1,0,66.66,out,T20I # 1850
New Zealand Vs Sri Lanka,Sri Lanka,9,,0,3,0,0,0,out,T20I # 1850
New Zealand Vs Sri Lanka,Sri Lanka,10,,8,21,0,0,38.09,not_out,T20I # 1850
New Zealand Vs Sri Lanka,Sri Lanka,11,,4,5,1,0,80,out,T20I # 1850
Bangladesh Vs Zimbabwe,Bangladesh,1,,71,55,7,1,129.09,out,T20I # 1851
Bangladesh Vs Zimbabwe,Bangladesh,2,,0,2,0,0,0,out,T20I # 1851
Bangladesh Vs Zimbabwe,Bangladesh,3,,14,12,3,0,116.66,out,T20I # 1851
Bangladesh Vs Zimbabwe,Bangladesh,4,,23,20,1,0,115,out,T20I # 1851
Bangladesh Vs Zimbabwe,Bangladesh,5,,29,19,1,1,152.63,out,T20I # 1851
Bangladesh Vs Zimbabwe,Bangladesh,6,,7,10,0,0,70,out,T20I # 1851
Bangladesh Vs Zimbabwe,Bangladesh,7,,1,1,0,0,100,out,T20I # 1851
Bangladesh Vs Zimbabwe,Bangladesh,8,,1,1,0,0,100,not_out,T20I # 1851
Bangladesh Vs Zimbabwe,Zimbabwe,1,,4,3,1,0,133.33,out,T20I # 1851
Bangladesh Vs Zimbabwe,Zimbabwe,2,,8,7,2,0,114.28,out,T20I # 1851
Bangladesh Vs Zimbabwe,Zimbabwe,3,,8,15,1,0,53.33,out,T20I # 1851
Bangladesh Vs Zimbabwe,Zimbabwe,4,,64,42,8,0,152.38,out,T20I # 1851
Bangladesh Vs Zimbabwe,Zimbabwe,5,,0,3,0,0,0,out,T20I # 1851
Bangladesh Vs Zimbabwe,Zimbabwe,6,,15,19,0,0,78.94,out,T20I # 1851
Bangladesh Vs Zimbabwe,Zimbabwe,7,,27,25,2,1,108,not_out,T20I # 1851
Bangladesh Vs Zimbabwe,Zimbabwe,8,,2,2,0,0,100,out,T20I # 1851
Bangladesh Vs Zimbabwe,Zimbabwe,9,,6,3,0,1,200,out,T20I # 1851
Bangladesh Vs Zimbabwe,Zimbabwe,10,,0,2,0,0,0,not_out,T20I # 1851
Netherlands Vs Pakistan,Netherlands,1,,6,11,1,0,54.54,out,T20I # 1852
Netherlands Vs Pakistan,Netherlands,2,,8,13,0,0,61.53,out,T20I # 1852
Netherlands Vs Pakistan,Netherlands,3,,6,16,1,0,37.5,not_out,T20I # 1852
Netherlands Vs Pakistan,Netherlands,4,,1,2,0,0,50,out,T20I # 1852
Netherlands Vs Pakistan,Netherlands,5,,27,27,2,0,100,out,T20I # 1852
Netherlands Vs Pakistan,Netherlands,6,,15,20,1,0,75,out,T20I # 1852
Netherlands Vs Pakistan,Netherlands,7,,5,6,0,0,83.33,out,T20I # 1852
Netherlands Vs Pakistan,Netherlands,8,,5,8,0,0,62.5,out,T20I # 1852
Netherlands Vs Pakistan,Netherlands,9,,6,9,0,0,66.66,not_out,T20I # 1852
Netherlands Vs Pakistan,Netherlands,10,,0,1,0,0,0,out,T20I # 1852
Netherlands Vs Pakistan,Netherlands,11,,7,7,0,0,100,out,T20I # 1852
Netherlands Vs Pakistan,Pakistan,1,,49,39,5,0,125.64,out,T20I # 1852
Netherlands Vs Pakistan,Pakistan,2,,4,5,1,0,80,out,T20I # 1852
Netherlands Vs Pakistan,Pakistan,3,,20,16,3,0,125,out,T20I # 1852
Netherlands Vs Pakistan,Pakistan,4,,12,16,0,0,75,out,T20I # 1852
Netherlands Vs Pakistan,Pakistan,5,,6,5,0,0,120,not_out,T20I # 1852
Netherlands Vs Pakistan,Pakistan,6,,4,2,1,0,200,not_out,T20I # 1852
India Vs South Africa,India,1,,9,14,0,1,64.28,out,T20I # 1853
India Vs South Africa,India,2,,15,14,1,1,107.14,out,T20I # 1853
India Vs South Africa,India,3,,12,11,2,0,109.09,out,T20I # 1853
India Vs South Africa,India,4,,68,40,6,3,170,out,T20I # 1853
India Vs South Africa,India,5,,0,3,0,0,0,out,T20I # 1853
India Vs South Africa,India,6,,2,3,0,0,66.66,out,T20I # 1853
India Vs South Africa,India,7,,6,15,0,0,40,out,T20I # 1853
India Vs South Africa,India,8,,7,11,0,0,63.63,out,T20I # 1853
India Vs South Africa,India,9,,4,6,0,0,66.66,not_out,T20I # 1853
India Vs South Africa,India,10,,0,2,0,0,0,out,T20I # 1853
India Vs South Africa,India,11,,2,1,0,0,200,not_out,T20I # 1853
India Vs South Africa,South Africa,1,,1,3,0,0,33.33,out,T20I # 1853
India Vs South Africa,South Africa,2,,10,15,0,1,66.66,out,T20I # 1853
India Vs South Africa,South Africa,3,,0,2,0,0,0,out,T20I # 1853
India Vs South Africa,South Africa,4,,52,41,6,1,126.82,out,T20I # 1853
India Vs South Africa,South Africa,5,,59,46,4,3,128.26,not_out,T20I # 1853
India Vs South Africa,South Africa,6,,6,6,1,0,100,out,T20I # 1853
India Vs South Africa,South Africa,7,,2,5,0,0,40,not_out,T20I # 1853
Australia Vs Ireland,Australia,1,,3,7,0,0,42.85,out,T20I # 1855
Australia Vs Ireland,Australia,2,,63,44,5,3,143.18,out,T20I # 1855
Australia Vs Ireland,Australia,3,,28,22,2,2,127.27,out,T20I # 1855
Australia Vs Ireland,Australia,4,,13,9,0,1,144.44,out,T20I # 1855
Australia Vs Ireland,Australia,5,,35,25,3,1,140,out,T20I # 1855
Australia Vs Ireland,Australia,6,,15,10,2,0,150,not_out,T20I # 1855
Australia Vs Ireland,Australia,7,,7,3,1,0,233.33,not_out,T20I # 1855
Australia Vs Ireland,Ireland,1,,11,7,1,1,157.14,out,T20I # 1855
Australia Vs Ireland,Ireland,2,,6,7,0,1,85.71,out,T20I # 1855
Australia Vs Ireland,Ireland,3,,71,48,9,1,147.91,not_out,T20I # 1855
Australia Vs Ireland,Ireland,4,,6,4,1,0,150,out,T20I # 1855
Australia Vs Ireland,Ireland,5,,0,1,0,0,0,out,T20I # 1855
Australia Vs Ireland,Ireland,6,,0,4,0,0,0,out,T20I # 1855
Australia Vs Ireland,Ireland,7,,14,10,2,0,140,out,T20I # 1855
Australia Vs Ireland,Ireland,8,,11,11,1,0,100,out,T20I # 1855
Australia Vs Ireland,Ireland,9,,6,6,1,0,100,out,T20I # 1855
Australia Vs Ireland,Ireland,10,,3,7,0,0,42.85,out,T20I # 1855
Australia Vs Ireland,Ireland,11,,1,5,0,0,20,out,T20I # 1855
Afghanistan Vs Sri Lanka,Afghanistan,1,,28,24,2,2,116.66,out,T20I # 1856
Afghanistan Vs Sri Lanka,Afghanistan,2,,27,27,2,1,100,out,T20I # 1856
Afghanistan Vs Sri Lanka,Afghanistan,3,,22,18,1,1,122.22,out,T20I # 1856
Afghanistan Vs Sri Lanka,Afghanistan,4,,18,16,1,0,112.5,out,T20I # 1856
Afghanistan Vs Sri Lanka,Afghanistan,5,,12,14,0,0,85.71,out,T20I # 1856
Afghanistan Vs Sri Lanka,Afghanistan,6,,13,8,1,0,162.5,out,T20I # 1856
Afghanistan Vs Sri Lanka,Afghanistan,7,,9,8,1,0,112.5,out,T20I # 1856
Afghanistan Vs Sri Lanka,Afghanistan,8,,3,4,0,0,75,not_out,T20I # 1856
Afghanistan Vs Sri Lanka,Afghanistan,9,,1,2,0,0,50,out,T20I # 1856
Afghanistan Vs Sri Lanka,Sri Lanka,1,,10,10,2,0,100,out,T20I # 1856
Afghanistan Vs Sri Lanka,Sri Lanka,2,,25,27,2,1,92.59,out,T20I # 1856
Afghanistan Vs Sri Lanka,Sri Lanka,3,,66,42,6,2,157.14,not_out,T20I # 1856
Afghanistan Vs Sri Lanka,Sri Lanka,4,,19,18,1,0,105.55,out,T20I # 1856
Afghanistan Vs Sri Lanka,Sri Lanka,5,,18,14,3,0,128.57,out,T20I # 1856
Afghanistan Vs Sri Lanka,Sri Lanka,6,,0,0,0,0,-,not_out,T20I # 1856
England Vs New Zealand,England,1,,73,47,7,2,155.31,out,T20I # 1858
England Vs New Zealand,England,2,,52,40,7,1,130,out,T20I # 1858
England Vs New Zealand,England,3,,5,6,0,0,83.33,out,T20I # 1858
England Vs New Zealand,England,4,,20,14,1,1,142.85,out,T20I # 1858
England Vs New Zealand,England,5,,7,3,0,1,233.33,out,T20I # 1858
England Vs New Zealand,England,6,,8,7,0,0,114.28,out,T20I # 1858
England Vs New Zealand,England,7,,6,3,0,1,200,not_out,T20I # 1858
England Vs New Zealand,England,8,,3,1,0,0,300,not_out,T20I # 1858
England Vs New Zealand,New Zealand,1,,16,11,0,1,145.45,out,T20I # 1858
England Vs New Zealand,New Zealand,2,,3,9,0,0,33.33,out,T20I # 1858
England Vs New Zealand,New Zealand,3,,40,40,3,0,100,out,T20I # 1858
England Vs New Zealand,New Zealand,4,,62,36,4,3,172.22,out,T20I # 1858
England Vs New Zealand,New Zealand,5,,6,3,1,0,200,out,T20I # 1858
England Vs New Zealand,New Zealand,6,,3,5,0,0,60,out,T20I # 1858
England Vs New Zealand,New Zealand,7,,16,10,0,1,160,not_out,T20I # 1858
England Vs New Zealand,New Zealand,8,,6,6,0,0,100,not_out,T20I # 1858
Zimbabwe Vs Netherlands,Zimbabwe,1,,1,5,0,0,20,out,T20I # 1859
Zimbabwe Vs Netherlands,Zimbabwe,2,,3,12,0,0,25,out,T20I # 1859
Zimbabwe Vs Netherlands,Zimbabwe,3,,5,16,1,0,31.25,out,T20I # 1859
Zimbabwe Vs Netherlands,Zimbabwe,4,,28,23,3,0,121.73,out,T20I # 1859
Zimbabwe Vs Netherlands,Zimbabwe,5,,40,24,3,3,166.66,out,T20I # 1859
Zimbabwe Vs Netherlands,Zimbabwe,6,,2,3,0,0,66.66,out,T20I # 1859
Zimbabwe Vs Netherlands,Zimbabwe,7,,2,7,0,0,28.57,out,T20I # 1859
Zimbabwe Vs Netherlands,Zimbabwe,8,,6,8,0,0,75,out,T20I # 1859
Zimbabwe Vs Netherlands,Zimbabwe,9,,9,7,0,1,128.57,out,T20I # 1859
Zimbabwe Vs Netherlands,Zimbabwe,10,,6,7,0,0,85.71,not_out,T20I # 1859
Zimbabwe Vs Netherlands,Zimbabwe,11,,1,4,0,0,25,out,T20I # 1859
Zimbabwe Vs Netherlands,Netherlands,1,,8,7,0,1,114.28,out,T20I # 1859
Zimbabwe Vs Netherlands,Netherlands,2,,52,47,8,1,110.63,out,T20I # 1859
Zimbabwe Vs Netherlands,Netherlands,3,,32,29,2,1,110.34,out,T20I # 1859
Zimbabwe Vs Netherlands,Netherlands,4,,1,5,0,0,20,out,T20I # 1859
Zimbabwe Vs Netherlands,Netherlands,5,,12,12,2,0,100,not_out,T20I # 1859
Zimbabwe Vs Netherlands,Netherlands,6,,5,6,1,0,83.33,out,T20I # 1859
Zimbabwe Vs Netherlands,Netherlands,7,,0,3,0,0,0,not_out,T20I # 1859
India Vs Bangladesh,India,1,,50,32,3,4,156.25,out,T20I # 1860
India Vs Bangladesh,India,2,,2,8,0,0,25,out,T20I # 1860
India Vs Bangladesh,India,3,,64,44,8,1,145.45,not_out,T20I # 1860
India Vs Bangladesh,India,4,,30,16,4,0,187.5,out,T20I # 1860
India Vs Bangladesh,India,5,,5,6,0,0,83.33,out,T20I # 1860
India Vs Bangladesh,India,6,,7,5,1,0,140,out,T20I # 1860
India Vs Bangladesh,India,7,,7,6,1,0,116.66,out,T20I # 1860
India Vs Bangladesh,India,8,,13,6,1,1,216.66,not_out,T20I # 1860
India Vs Bangladesh,Bangladesh,1,,21,25,1,1,84,out,T20I # 1860
India Vs Bangladesh,Bangladesh,2,,60,27,7,3,222.22,out,T20I # 1860
India Vs Bangladesh,Bangladesh,3,,13,12,2,0,108.33,out,T20I # 1860
India Vs Bangladesh,Bangladesh,4,,3,5,0,0,60,out,T20I # 1860
India Vs Bangladesh,Bangladesh,5,,1,3,0,0,33.33,out,T20I # 1860
India Vs Bangladesh,Bangladesh,6,,25,14,2,1,178.57,not_out,T20I # 1860
India Vs Bangladesh,Bangladesh,7,,6,3,0,1,200,out,T20I # 1860
India Vs Bangladesh,Bangladesh,8,,12,7,1,1,171.42,not_out,T20I # 1860
Pakistan Vs South Africa,Pakistan,1,,4,4,1,0,100,out,T20I # 1861
Pakistan Vs South Africa,Pakistan,2,,6,15,0,0,40,out,T20I # 1861
Pakistan Vs South Africa,Pakistan,3,,28,11,2,3,254.54,out,T20I # 1861
Pakistan Vs South Africa,Pakistan,4,,2,6,0,0,33.33,out,T20I # 1861
Pakistan Vs South Africa,Pakistan,5,,51,35,3,2,145.71,out,T20I # 1861
Pakistan Vs South Africa,Pakistan,6,,28,22,4,1,127.27,out,T20I # 1861
Pakistan Vs South Africa,Pakistan,7,,52,22,3,4,236.36,out,T20I # 1861
Pakistan Vs South Africa,Pakistan,8,,0,1,0,0,0,out,T20I # 1861
Pakistan Vs South Africa,Pakistan,9,,5,3,0,0,166.66,not_out,T20I # 1861
Pakistan Vs South Africa,Pakistan,10,,3,2,0,0,150,out,T20I # 1861
Pakistan Vs South Africa,South Africa,1,,36,19,4,1,189.47,out,T20I # 1861
Pakistan Vs South Africa,South Africa,2,,0,5,0,0,0,out,T20I # 1861
Pakistan Vs South Africa,South Africa,3,,7,6,0,1,116.66,out,T20I # 1861
Pakistan Vs South Africa,South Africa,4,,20,14,4,0,142.85,out,T20I # 1861
Pakistan Vs South Africa,South Africa,5,,15,9,3,0,166.66,out,T20I # 1861
Pakistan Vs South Africa,South Africa,6,,18,18,0,1,100,out,T20I # 1861
Pakistan Vs South Africa,South Africa,7,,3,4,0,0,75,out,T20I # 1861
Pakistan Vs South Africa,South Africa,8,,1,2,0,0,50,out,T20I # 1861
Pakistan Vs South Africa,South Africa,9,,1,5,0,0,20,out,T20I # 1861
Pakistan Vs South Africa,South Africa,10,,4,1,1,0,400,not_out,T20I # 1861
Pakistan Vs South Africa,South Africa,11,,1,1,0,0,100,not_out,T20I # 1861
New Zealand Vs Ireland,New Zealand,1,,32,18,5,1,177.77,out,T20I # 1862
New Zealand Vs Ireland,New Zealand,2,,28,33,2,0,84.84,out,T20I # 1862
New Zealand Vs Ireland,New Zealand,3,,61,35,5,3,174.28,out,T20I # 1862
New Zealand Vs Ireland,New Zealand,4,,17,9,2,1,188.88,out,T20I # 1862
New Zealand Vs Ireland,New Zealand,5,,31,21,2,0,147.61,not_out,T20I # 1862
New Zealand Vs Ireland,New Zealand,6,,0,1,0,0,0,out,T20I # 1862
New Zealand Vs Ireland,New Zealand,7,,0,1,0,0,0,out,T20I # 1862
New Zealand Vs Ireland,New Zealand,8,,1,2,0,0,50,not_out,T20I # 1862
New Zealand Vs Ireland,Ireland,1,,37,27,3,1,137.03,out,T20I # 1862
New Zealand Vs Ireland,Ireland,2,,30,25,0,3,120,out,T20I # 1862
New Zealand Vs Ireland,Ireland,3,,13,14,0,0,92.85,out,T20I # 1862
New Zealand Vs Ireland,Ireland,4,,2,7,0,0,28.57,out,T20I # 1862
New Zealand Vs Ireland,Ireland,5,,10,8,2,0,125,out,T20I # 1862
New Zealand Vs Ireland,Ireland,6,,23,15,3,0,153.33,out,T20I # 1862
New Zealand Vs Ireland,Ireland,7,,7,7,1,0,100,out,T20I # 1862
New Zealand Vs Ireland,Ireland,8,,5,3,1,0,166.66,out,T20I # 1862
New Zealand Vs Ireland,Ireland,9,,4,5,0,0,80,out,T20I # 1862
New Zealand Vs Ireland,Ireland,10,,6,5,0,0,120,not_out,T20I # 1862
New Zealand Vs Ireland,Ireland,11,,8,4,0,1,200,not_out,T20I # 1862
Australia Vs Afghanistan,Australia,1,,25,18,5,0,138.88,out,T20I # 1864
Australia Vs Afghanistan,Australia,2,,3,2,0,0,150,out,T20I # 1864
Australia Vs Afghanistan,Australia,3,,45,30,3,2,150,out,T20I # 1864
Australia Vs Afghanistan,Australia,4,,4,4,1,0,100,out,T20I # 1864
Australia Vs Afghanistan,Australia,5,,25,21,0,2,119.04,out,T20I # 1864
Australia Vs Afghanistan,Australia,6,,54,32,6,2,168.75,not_out,T20I # 1864
Australia Vs Afghanistan,Australia,7,,6,8,1,0,75,out,T20I # 1864
Australia Vs Afghanistan,Australia,8,,0,2,0,0,0,out,T20I # 1864
Australia Vs Afghanistan,Australia,9,,1,1,0,0,100,out,T20I # 1864
Australia Vs Afghanistan,Australia,10,,1,1,0,0,100,not_out,T20I # 1864
Australia Vs Afghanistan,Afghanistan,1,,30,17,2,2,176.47,out,T20I # 1864
Australia Vs Afghanistan,Afghanistan,2,,2,7,0,0,28.57,out,T20I # 1864
Australia Vs Afghanistan,Afghanistan,3,,26,33,2,0,78.78,out,T20I # 1864
Australia Vs Afghanistan,Afghanistan,4,,39,23,3,2,169.56,out,T20I # 1864
Australia Vs Afghanistan,Afghanistan,5,,1,2,0,0,50,out,T20I # 1864
Australia Vs Afghanistan,Afghanistan,6,,0,2,0,0,0,out,T20I # 1864
Australia Vs Afghanistan,Afghanistan,7,,15,13,1,0,115.38,out,T20I # 1864
Australia Vs Afghanistan,Afghanistan,8,,48,23,3,4,208.69,not_out,T20I # 1864
Australia Vs Afghanistan,Afghanistan,9,,0,0,0,0,-,not_out,T20I # 1864
Sri Lanka Vs England,Sri Lanka,1,,67,45,2,5,148.88,out,T20I # 1867
Sri Lanka Vs England,Sri Lanka,2,,18,14,1,1,128.57,out,T20I # 1867
Sri Lanka Vs England,Sri Lanka,3,,9,11,0,0,81.81,out,T20I # 1867
Sri Lanka Vs England,Sri Lanka,4,,8,9,0,0,88.88,out,T20I # 1867
Sri Lanka Vs England,Sri Lanka,5,,22,22,3,0,100,out,T20I # 1867
Sri Lanka Vs England,Sri Lanka,6,,3,8,0,0,37.5,out,T20I # 1867
Sri Lanka Vs England,Sri Lanka,7,,9,9,1,0,100,out,T20I # 1867
Sri Lanka Vs England,Sri Lanka,8,,0,2,0,0,0,out,T20I # 1867
Sri Lanka Vs England,Sri Lanka,9,,0,0,0,0,-,not_out,T20I # 1867
Sri Lanka Vs England,England,1,,28,23,2,1,121.73,out,T20I # 1867
Sri Lanka Vs England,England,2,,47,30,7,1,156.66,out,T20I # 1867
Sri Lanka Vs England,England,3,,42,36,2,0,116.66,not_out,T20I # 1867
Sri Lanka Vs England,England,4,,4,5,0,0,80,out,T20I # 1867
Sri Lanka Vs England,England,5,,4,6,0,0,66.66,out,T20I # 1867
Sri Lanka Vs England,England,6,,1,5,0,0,20,out,T20I # 1867
Sri Lanka Vs England,England,7,,6,11,0,0,54.54,out,T20I # 1867
Sri Lanka Vs England,England,8,,5,3,1,0,166.66,not_out,T20I # 1867
Netherlands Vs South Africa,Netherlands,1,,37,30,7,0,123.33,out,T20I # 1871
Netherlands Vs South Africa,Netherlands,2,,29,31,1,1,93.54,out,T20I # 1871
Netherlands Vs South Africa,Netherlands,3,,35,19,2,2,184.21,out,T20I # 1871
Netherlands Vs South Africa,Netherlands,4,,41,26,3,2,157.69,not_out,T20I # 1871
Netherlands Vs South Africa,Netherlands,5,,1,7,0,0,14.28,out,T20I # 1871
Netherlands Vs South Africa,Netherlands,6,,12,7,2,0,171.42,not_out,T20I # 1871
Netherlands Vs South Africa,South Africa,1,,13,13,1,1,100,out,T20I # 1871
Netherlands Vs South Africa,South Africa,2,,20,20,2,0,100,out,T20I # 1871
Netherlands Vs South Africa,South Africa,3,,25,19,2,0,131.57,out,T20I # 1871
Netherlands Vs South Africa,South Africa,4,,17,13,2,0,130.76,out,T20I # 1871
Netherlands Vs South Africa,South Africa,5,,17,17,1,0,100,out,T20I # 1871
Netherlands Vs South Africa,South Africa,6,,21,18,0,1,116.66,out,T20I # 1871
Netherlands Vs South Africa,South Africa,7,,0,2,0,0,0,out,T20I # 1871
Netherlands Vs South Africa,South Africa,8,,13,12,0,1,108.33,out,T20I # 1871
Netherlands Vs South Africa,South Africa,9,,9,8,0,0,112.5,not_out,T20I # 1871
Netherlands Vs South Africa,South Africa,10,,4,1,1,0,400,not_out,T20I # 1871
Bangladesh Vs Pakistan,Bangladesh,1,,54,48,7,0,112.5,out,T20I # 1872
Bangladesh Vs Pakistan,Bangladesh,2,,10,8,0,1,125,out,T20I # 1872
Bangladesh Vs Pakistan,Bangladesh,3,,20,17,1,1,117.64,out,T20I # 1872
Bangladesh Vs Pakistan,Bangladesh,4,,0,1,0,0,0,out,T20I # 1872
Bangladesh Vs Pakistan,Bangladesh,5,,24,20,3,0,120,not_out,T20I # 1872
Bangladesh Vs Pakistan,Bangladesh,6,,5,11,0,0,45.45,out,T20I # 1872
Bangladesh Vs Pakistan,Bangladesh,7,,0,3,0,0,0,out,T20I # 1872
Bangladesh Vs Pakistan,Bangladesh,8,,1,5,0,0,20,out,T20I # 1872
Bangladesh Vs Pakistan,Bangladesh,9,,7,6,1,0,116.66,out,T20I # 1872
Bangladesh Vs Pakistan,Bangladesh,10,,0,1,0,0,0,not_out,T20I # 1872
Bangladesh Vs Pakistan,Pakistan,1,,32,32,2,1,100,out,T20I # 1872
Bangladesh Vs Pakistan,Pakistan,2,,25,33,2,0,75.75,out,T20I # 1872
Bangladesh Vs Pakistan,Pakistan,3,,4,11,0,0,36.36,out,T20I # 1872
Bangladesh Vs Pakistan,Pakistan,4,,31,18,1,2,172.22,out,T20I # 1872
Bangladesh Vs Pakistan,Pakistan,5,,24,14,2,0,171.42,not_out,T20I # 1872
Bangladesh Vs Pakistan,Pakistan,6,,1,3,0,0,33.33,out,T20I # 1872
Bangladesh Vs Pakistan,Pakistan,7,,0,0,0,0,-,not_out,T20I # 1872
India Vs Zimbabwe,India,1,,51,35,3,3,145.71,out,T20I # 1873
India Vs Zimbabwe,India,2,,15,13,2,0,115.38,out,T20I # 1873
India Vs Zimbabwe,India,3,,26,25,2,0,104,out,T20I # 1873
India Vs Zimbabwe,India,4,,61,25,6,4,244,not_out,T20I # 1873
India Vs Zimbabwe,India,5,,3,5,0,0,60,out,T20I # 1873
India Vs Zimbabwe,India,6,,18,18,2,0,100,out,T20I # 1873
India Vs Zimbabwe,India,7,,0,0,0,0,-,not_out,T20I # 1873
India Vs Zimbabwe,Zimbabwe,1,,0,1,0,0,0,out,T20I # 1873
India Vs Zimbabwe,Zimbabwe,2,,13,15,2,0,86.66,out,T20I # 1873
India Vs Zimbabwe,Zimbabwe,3,,0,6,0,0,0,out,T20I # 1873
India Vs Zimbabwe,Zimbabwe,4,,11,18,0,1,61.11,out,T20I # 1873
India Vs Zimbabwe,Zimbabwe,5,,34,24,3,0,141.66,out,T20I # 1873
India Vs Zimbabwe,Zimbabwe,6,,5,4,1,0,125,out,T20I # 1873
India Vs Zimbabwe,Zimbabwe,7,,35,22,5,1,159.09,out,T20I # 1873
India Vs Zimbabwe,Zimbabwe,8,,1,7,0,0,14.28,out,T20I # 1873
India Vs Zimbabwe,Zimbabwe,9,,1,2,0,0,50,out,T20I # 1873
India Vs Zimbabwe,Zimbabwe,10,,4,4,1,0,100,out,T20I # 1873
India Vs Zimbabwe,Zimbabwe,11,,0,2,0,0,0,not_out,T20I # 1873
New Zealand Vs Pakistan,New Zealand,1,,4,3,1,0,133.33,out,T20I # 1877
New Zealand Vs Pakistan,New Zealand,2,,21,20,3,0,105,out,T20I # 1877
New Zealand Vs Pakistan,New Zealand,3,,46,42,1,1,109.52,out,T20I # 1877
New Zealand Vs Pakistan,New Zealand,4,,6,8,1,0,75,out,T20I # 1877
New Zealand Vs Pakistan,New Zealand,5,,53,35,3,1,151.42,not_out,T20I # 1877
New Zealand Vs Pakistan,New Zealand,6,,16,12,1,0,133.33,not_out,T20I # 1877
New Zealand Vs Pakistan,Pakistan,1,,57,43,5,0,132.55,out,T20I # 1877
New Zealand Vs Pakistan,Pakistan,2,,53,42,7,0,126.19,out,T20I # 1877
New Zealand Vs Pakistan,Pakistan,3,,30,26,2,1,115.38,out,T20I # 1877
New Zealand Vs Pakistan,Pakistan,4,,3,4,0,0,75,not_out,T20I # 1877
New Zealand Vs Pakistan,Pakistan,5,,0,0,0,0,-,not_out,T20I # 1877
India Vs England,India,1,,5,5,1,0,100,out,T20I # 1878
India Vs England,India,2,,27,28,4,0,96.42,out,T20I # 1878
India Vs England,India,3,,50,40,4,1,125,out,T20I # 1878
India Vs England,India,4,,14,10,1,1,140,out,T20I # 1878
India Vs England,India,5,,63,33,4,5,190.9,out,T20I # 1878
India Vs England,India,6,,6,4,1,0,150,out,T20I # 1878
India Vs England,India,7,,0,0,0,0,-,not_out,T20I # 1878
India Vs England,England,1,,80,49,9,3,163.26,not_out,T20I # 1878
India Vs England,England,2,,86,47,4,7,182.97,not_out,T20I # 1878
Pakistan Vs England,Pakistan,1,,15,14,0,1,107.14,out,T20I # 1879
Pakistan Vs England,Pakistan,2,,32,28,2,0,114.28,out,T20I # 1879
Pakistan Vs England,Pakistan,3,,8,12,1,0,66.66,out,T20I # 1879
Pakistan Vs England,Pakistan,4,,38,28,2,1,135.71,out,T20I # 1879
Pakistan Vs England,Pakistan,5,,0,6,0,0,0,out,T20I # 1879
Pakistan Vs England,Pakistan,6,,20,14,2,0,142.85,out,T20I # 1879
Pakistan Vs England,Pakistan,7,,5,7,0,0,71.42,out,T20I # 1879
Pakistan Vs England,Pakistan,8,,4,8,0,0,50,out,T20I # 1879
Pakistan Vs England,Pakistan,9,,5,3,1,0,166.66,not_out,T20I # 1879
Pakistan Vs England,Pakistan,10,,1,1,0,0,100,not_out,T20I # 1879
Pakistan Vs England,England,1,,26,17,3,1,152.94,out,T20I # 1879
Pakistan Vs England,England,2,,1,2,0,0,50,out,T20I # 1879
Pakistan Vs England,England,3,,10,9,2,0,111.11,out,T20I # 1879
Pakistan Vs England,England,4,,52,49,5,1,106.12,not_out,T20I # 1879
Pakistan Vs England,England,5,,20,23,1,0,86.95,out,T20I # 1879
Pakistan Vs England,England,6,,19,13,3,0,146.15,out,T20I # 1879
Pakistan Vs England,England,7,,1,1,0,0,100,not_out,T20I # 1879
